{
  "Timestamp": "2025-09-21 19:54:56",
  "WarmStart": {
    "Max": 2.57,
    "Times": [2.574583, 2.2205353, 2.2130634],
    "Average": 2.34,
    "Min": 2.21
  }
}
