{
  "WarmStart": {
    "Max": 2.25,
    "Average": 2.23,
    "Min": 2.21,
    "Times": [
      2.2518469,
      2.23597,
      2.2059652
    ]
  },
  "Timestamp": "2025-10-15 13:19:36"
}
