{
  "Timestamp": "2025-10-10 18:22:43",
  "WarmStart": {
    "Times": [
      2.5870665,
      2.2428319,
      2.2167472
    ],
    "Average": 2.35,
    "Min": 2.22,
    "Max": 2.59
  }
}
